id,rank,country,capital,continent,area_km2
1,36,Afghanistan,Kabul,Asia,652230
2,138,Albania,Tirana,Europe,28748
3,34,Algeria,Algiers,Africa,2381741
4,213,American Samoa,Pago Pago,Oceania,199
5,203,Andorra,Andorra la Vella,Europe,468
6,42,Angola,Luanda,Africa,1246700
7,224,Anguilla,The Valley,North America,91
8,201,Antigua and Barbuda,Saint John’s,North America,442
9,33,Argentina,Buenos Aires,South America,2780400
10,140,Armenia,Yerevan,Asia,29743
11,198,Aruba,Oranjestad,North America,180
12,55,Australia,Canberra,Oceania,7692024
13,99,Austria,Vienna,Europe,83871
14,91,Azerbaijan,Baku,Asia,86600
15,176,Bahamas,Nassau,North America,13943
16,154,Bahrain,Manama,Asia,765
17,8,Bangladesh,Dhaka,Asia,147570
18,186,Barbados,Bridgetown,North America,430
19,96,Belarus,Minsk,Europe,207600
20,81,Belgium,Brussels,Europe,30528
21,177,Belize,Belmopan,North America,22966
22,77,Benin,Porto-Novo,Africa,112622
23,206,Bermuda,Hamilton,North America,54
24,165,Bhutan,Thimphu,Asia,38394
25,80,Bolivia,Sucre,South America,1098581
26,137,Bosnia and Herzegovina,Sarajevo,Europe,51209
27,144,Botswana,Gaborone,Africa,582000
28,7,Brazil,Brasilia,South America,8515767
29,221,British Virgin Islands,Road Town,North America,151
30,175,Brunei,Bandar Seri Begawan,Asia,5765
31,108,Bulgaria,Sofia,Europe,110879
32,58,Burkina Faso,Ouagadougou,Africa,272967
33,78,Burundi,Bujumbura,Africa,27834
34,73,Cambodia,Phnom Penh,Asia,181035
35,53,Cameroon,Yaounde,Africa,475442
36,39,Canada,Ottawa,North America,9984670
37,171,Cape Verde,Praia,Africa,4033
38,205,Cayman Islands,George Town,North America,264
39,117,Central African Republic,Bangui,Africa,622984
40,69,Chad,N'Djamena,Africa,1284000
41,65,Chile,Santiago,South America,756102
42,1,China,Beijing,Asia,9706961
43,28,Colombia,Bogota,South America,1141748
44,163,Comoros,Moroni,Africa,1862
45,223,Cook Islands,Avarua,Oceania,236
46,124,Costa Rica,San José,North America,51100
47,130,Croatia,Zagreb,Europe,56594
48,85,Cuba,Havana,North America,109884
49,189,Curacao,Willemstad,North America,444
50,158,Cyprus,Nicosia,Europe,9251
51,88,Czech Republic,Prague,Europe,78865
52,115,Denmark,Copenhagen,Europe,43094
53,160,Djibouti,Djibouti,Africa,23200
54,204,Dominica,Roseau,North America,751
55,84,Dominican Republic,Santo Domingo,North America,48671
56,15,DR Congo,Kinshasa,Africa,2344858
57,67,Ecuador,Quito,South America,276841
58,14,Egypt,Cairo,Africa,1002450
59,112,El Salvador,San Salvador,North America,21041
60,152,Equatorial Guinea,Malabo,Africa,28051
61,132,Eritrea,Asmara,Africa,117600
62,156,Estonia,Tallinn,Europe,45227
63,159,Eswatini,Mbabane,Africa,17364
64,12,Ethiopia,Addis Ababa,Africa,1104300
65,231,Falkland Islands,Stanley,South America,12173
66,209,Faroe Islands,Tórshavn,Europe,1393
67,162,Fiji,Suva,Oceania,18272
68,118,Finland,Helsinki,Europe,338424
69,23,France,Paris,Europe,551695
70,184,French Guiana,Cayenne,South America,83534
71,183,French Polynesia,Papeete,Oceania,4167
72,146,Gabon,Libreville,Africa,267668
73,142,Gambia,Banjul,Africa,10689
74,131,Georgia,Tbilisi,Asia,69700
75,19,Germany,Berlin,Europe,357114
76,47,Ghana,Accra,Africa,238533
77,219,Gibraltar,Gibraltar,Europe,6
78,90,Greece,Athens,Europe,131990
79,208,Greenland,Nuuk,North America,2166086
80,193,Grenada,Saint George's,North America,344
81,178,Guadeloupe,Basse-Terre,North America,1628
82,191,Guam,Hagåtña,Oceania,549
83,68,Guatemala,Guatemala City,North America,108889
84,207,Guernsey,Saint Peter Port,Europe,78
85,75,Guinea,Conakry,Africa,245857
86,149,Guinea-Bissau,Bissau,Africa,36125
87,164,Guyana,Georgetown,South America,214969
88,82,Haiti,Port-au-Prince,North America,27750
89,89,Honduras,Tegucigalpa,North America,112492
90,104,Hong Kong,Hong Kong,Asia,1104
91,94,Hungary,Budapest,Europe,93028
92,179,Iceland,Reykjavík,Europe,103000
93,2,India,New Delhi,Asia,3287590
94,4,Indonesia,Jakarta,Asia,1904569
95,17,Iran,Tehran,Asia,1648195
96,35,Iraq,Baghdad,Asia,438317
97,125,Ireland,Dublin,Europe,70273
98,202,Isle of Man,Douglas,Europe,572
99,98,Israel,Jerusalem,Asia,20770
100,25,Italy,Rome,Europe,301336
101,52,Ivory Coast,Yamoussoukro,Africa,322463
102,139,Jamaica,Kingston,North America,10991
103,11,Japan,Tokyo,Asia,377930
104,195,Jersey,Saint Helier,Europe,116
105,83,Jordan,Amman,Asia,89342
106,66,Kazakhstan,Nursultan,Asia,2724900
107,27,Kenya,Nairobi,Africa,580367
108,192,Kiribati,Tarawa,Oceania,811
109,129,Kuwait,Kuwait City,Asia,17818
110,110,Kyrgyzstan,Bishkek,Asia,199951
111,103,Laos,Vientiane,Asia,236800
112,151,Latvia,Riga,Europe,64559
113,119,Lebanon,Beirut,Asia,10452
114,147,Lesotho,Maseru,Africa,30355
115,121,Liberia,Monrovia,Africa,111369
116,107,Libya,Tripoli,Africa,1759540
117,216,Liechtenstein,Vaduz,Europe,160
118,141,Lithuania,Vilnius,Europe,65300
119,168,Luxembourg,Luxembourg,Europe,2586
120,167,Macau,Concelho de Macau,Asia,30
121,50,Madagascar,Antananarivo,Africa,587041
122,62,Malawi,Lilongwe,Africa,118484
123,45,Malaysia,Kuala Lumpur,Asia,330803
124,174,Maldives,Malé,Asia,300
125,59,Mali,Bamako,Africa,1240192
126,173,Malta,Valletta,Europe,316
127,215,Marshall Islands,Majuro,Oceania,181
128,180,Martinique,Fort-de-France,North America,1128
129,126,Mauritania,Nouakchott,Africa,1030700
130,157,Mauritius,Port Louis,Africa,2040
131,182,Mayotte,Mamoudzou,Africa,374
132,10,Mexico,Mexico City,North America,1964375
133,194,Micronesia,Palikir,Oceania,702
134,135,Moldova,Chisinau,Europe,33846
135,217,Monaco,Monaco,Europe,2
136,134,Mongolia,Ulaanbaatar,Asia,1564110
137,169,Montenegro,Podgorica,Europe,13812
138,230,Montserrat,Brades,North America,102
139,40,Morocco,Rabat,Africa,446550
140,48,Mozambique,Maputo,Africa,801590
141,26,Myanmar,Nay Pyi Taw,Asia,676578
142,145,Namibia,Windhoek,Africa,825615
143,225,Nauru,Yaren,Oceania,21
144,49,Nepal,Kathmandu,Asia,147181
145,71,Netherlands,Amsterdam,Europe,41850
146,185,New Caledonia,Nouméa,Oceania,18575
147,123,New Zealand,Wellington,Oceania,270467
148,106,Nicaragua,Managua,North America,130373
149,54,Niger,Niamey,Africa,1267000
150,6,Nigeria,Abuja,Africa,923768
151,232,Niue,Alofi,Oceania,260
152,56,North Korea,Pyongyang,Asia,120538
153,150,North Macedonia,Skopje,Europe,25713
154,210,Northern Mariana Islands,Saipan,Oceania,464
155,120,Norway,Oslo,Europe,323802
156,127,Oman,Muscat,Asia,309500
157,5,Pakistan,Islamabad,Asia,881912
158,222,Palau,Ngerulmud,Oceania,459
159,122,Palestine,Ramallah,Asia,6220
160,128,Panama,Panama City,North America,75417
161,93,Papua New Guinea,Port Moresby,Oceania,462840
162,109,Paraguay,Asunción,South America,406752
163,44,Peru,Lima,South America,1285216
164,13,Philippines,Manila,Asia,342353
165,37,Poland,Warsaw,Europe,312679
166,92,Portugal,Lisbon,Europe,92090
167,136,Puerto Rico,San Juan,North America,8870
168,143,Qatar,Doha,Asia,11586
169,114,Republic of the Congo,Brazzaville,Africa,342000
170,161,Reunion,Saint-Denis,Africa,2511
171,64,Romania,Bucharest,Europe,238391
172,9,Russia,Moscow,Europe,17098242
173,76,Rwanda,Kigali,Africa,26338
174,228,Saint Barthelemy,Gustavia,North America,21
175,211,Saint Kitts and Nevis,Basseterre,North America,261
176,190,Saint Lucia,Castries,North America,616
177,220,Saint Martin,Marigot,North America,53
178,229,Saint Pierre and Miquelon,Saint-Pierre,North America,242
179,199,Saint Vincent and the Grenadines,Kingstown,North America,389
180,188,Samoa,Apia,Oceania,2842
181,218,San Marino,San Marino,Europe,61
182,187,Sao Tome and Principe,São Tomé,Africa,964
183,41,Saudi Arabia,Riyadh,Asia,2149690
184,72,Senegal,Dakar,Africa,196722
185,105,Serbia,Belgrade,Europe,88361
186,196,Seychelles,Victoria,Africa,452
187,102,Sierra Leone,Freetown,Africa,71740
188,113,Singapore,Singapore,Asia,710
189,214,Sint Maarten,Philipsburg,North America,34
190,116,Slovakia,Bratislava,Europe,49037
191,148,Slovenia,Ljubljana,Europe,20273
192,166,Solomon Islands,Honiara,Oceania,28896
193,70,Somalia,Mogadishu,Africa,637657
194,24,South Africa,Pretoria,Africa,1221037
195,29,South Korea,Seoul,Asia,100210
196,86,South Sudan,Juba,Africa,619745
197,30,Spain,Madrid,Europe,505992
198,61,Sri Lanka,Colombo,Asia,65610
199,32,Sudan,Khartoum,Africa,1886068
200,170,Suriname,Paramaribo,South America,163820
201,87,Sweden,Stockholm,Europe,450295
202,101,Switzerland,Bern,Europe,41284
203,60,Syria,Damascus,Asia,185180
204,57,Taiwan,Taipei,Asia,36193
205,95,Tajikistan,Dushanbe,Asia,143100
206,22,Tanzania,Dodoma,Africa,945087
207,20,Thailand,Bangkok,Asia,513120
208,155,Timor-Leste,Dili,Asia,14874
209,100,Togo,Lomé,Africa,56785
210,233,Tokelau,Nukunonu,Oceania,12
211,197,Tonga,Nuku‘alofa,Oceania,747
212,153,Trinidad and Tobago,Port-of-Spain,North America,5130
213,79,Tunisia,Tunis,Africa,163610
214,18,Turkey,Ankara,Asia,783562
215,111,Turkmenistan,Ashgabat,Asia,488100
216,212,Turks and Caicos Islands,Cockburn Town,North America,948
217,227,Tuvalu,Funafuti,Oceania,26
218,31,Uganda,Kampala,Africa,241550
219,38,Ukraine,Kiev,Europe,603500
220,97,United Arab Emirates,Abu Dhabi,Asia,83600
221,21,United Kingdom,London,Europe,242900
222,3,United States,"Washington, D.C.",North America,9372610
223,200,United States Virgin Islands,Charlotte Amalie,North America,347
224,133,Uruguay,Montevideo,South America,181034
225,43,Uzbekistan,Tashkent,Asia,447400
226,181,Vanuatu,Port-Vila,Oceania,12189
227,234,Vatican City,Vatican City,Europe,1
228,51,Venezuela,Caracas,South America,916445
229,16,Vietnam,Hanoi,Asia,331212
230,226,Wallis and Futuna,Mata-Utu,Oceania,142
231,172,Western Sahara,El Aaiún,Africa,266000
232,46,Yemen,Sanaa,Asia,527968
233,63,Zambia,Lusaka,Africa,752612
234,74,Zimbabwe,Harare,Africa,390757
