id,country_id,year,population
0,1,2022,41128771
1,1,2020,38972230
2,1,2015,33753499
3,1,2010,28189672
4,1,2000,19542982
5,1,1990,10694796
6,1,1980,12486631
7,2,2022,2842321
8,2,2020,2866849
9,2,2015,2882481
10,2,2010,2913399
11,2,2000,3182021
12,2,1990,3295066
13,2,1980,2941651
14,3,2022,44903225
15,3,2020,43451666
16,3,2015,39543154
17,3,2010,35856344
18,3,2000,30774621
19,3,1990,25518074
20,3,1980,18739378
21,4,2022,44273
22,4,2020,46189
23,4,2015,51368
24,4,2010,54849
25,4,2000,58230
26,4,1990,47818
27,4,1980,32886
28,5,2022,79824
29,5,2020,77700
30,5,2015,71746
31,5,2010,71519
32,5,2000,66097
33,5,1990,53569
34,5,1980,35611
35,6,2022,35588987
36,6,2020,33428485
37,6,2015,28127721
38,6,2010,23364185
39,6,2000,16394062
40,6,1990,11828638
41,6,1980,8330047
42,7,2022,15857
43,7,2020,15585
44,7,2015,14525
45,7,2010,13172
46,7,2000,11047
47,7,1990,8316
48,7,1980,6560
49,8,2022,93763
50,8,2020,92664
51,8,2015,89941
52,8,2010,85695
53,8,2000,75055
54,8,1990,63328
55,8,1980,64888
56,9,2022,45510318
57,9,2020,45036032
58,9,2015,43257065
59,9,2010,41100123
60,9,2000,37070774
61,9,1990,32637657
62,9,1980,28024803
63,10,2022,2780469
64,10,2020,2805608
65,10,2015,2878595
66,10,2010,2946293
67,10,2000,3168523
68,10,1990,3556539
69,10,1980,3135123
70,11,2022,106445
71,11,2020,106585
72,11,2015,104257
73,11,2010,100341
74,11,2000,89101
75,11,1990,65712
76,11,1980,62267
77,12,2022,26177413
78,12,2020,25670051
79,12,2015,23820236
80,12,2010,22019168
81,12,2000,19017963
82,12,1990,17048003
83,12,1980,14706322
84,13,2022,8939617
85,13,2020,8907777
86,13,2015,8642421
87,13,2010,8362829
88,13,2000,8010428
89,13,1990,7678729
90,13,1980,7547561
91,14,2022,10358074
92,14,2020,10284951
93,14,2015,9863480
94,14,2010,9237202
95,14,2000,8190337
96,14,1990,7427836
97,14,1980,6383060
98,15,2022,409984
99,15,2020,406471
100,15,2015,392697
101,15,2010,373272
102,15,2000,325014
103,15,1990,270679
104,15,1980,223752
105,16,2022,1472233
106,16,2020,1477469
107,16,2015,1362142
108,16,2010,1213645
109,16,2000,711442
110,16,1990,517418
111,16,1980,362595
112,17,2022,171186372
113,17,2020,167420951
114,17,2015,157830000
115,17,2010,148391139
116,17,2000,129193327
117,17,1990,107147651
118,17,1980,83929765
119,18,2022,281635
120,18,2020,280693
121,18,2015,278083
122,18,2010,274711
123,18,2000,264657
124,18,1990,258868
125,18,1980,253575
126,19,2022,9534954
127,19,2020,9633740
128,19,2015,9700609
129,19,2010,9731427
130,19,2000,10256483
131,19,1990,10428525
132,19,1980,9817257
133,20,2022,11655930
134,20,2020,11561717
135,20,2015,11248303
136,20,2010,10877947
137,20,2000,10264343
138,20,1990,9959560
139,20,1980,9828986
140,21,2022,405272
141,21,2020,394921
142,21,2015,359871
143,21,2010,322106
144,21,2000,240406
145,21,1990,182589
146,21,1980,145133
147,22,2022,13352864
148,22,2020,12643123
149,22,2015,10932783
150,22,2010,9445710
151,22,2000,6998023
152,22,1990,5133419
153,22,1980,3833939
154,23,2022,64184
155,23,2020,64031
156,23,2015,63144
157,23,2010,63447
158,23,2000,61371
159,23,1990,57470
160,23,1980,53565
161,24,2022,782455
162,24,2020,772506
163,24,2015,743274
164,24,2010,705516
165,24,2000,587207
166,24,1990,558442
167,24,1980,415257
168,25,2022,12224110
169,25,2020,11936162
170,25,2015,11090085
171,25,2010,10223270
172,25,2000,8592656
173,25,1990,7096194
174,25,1980,5736088
175,26,2022,3233526
176,26,2020,3318407
177,26,2015,3524324
178,26,2010,3811088
179,26,2000,4179350
180,26,1990,4494310
181,26,1980,4199820
182,27,2022,2630296
183,27,2020,2546402
184,27,2015,2305171
185,27,2010,2091664
186,27,2000,1726985
187,27,1990,1341474
188,27,1980,938578
189,28,2022,215313498
190,28,2020,213196304
191,28,2015,205188205
192,28,2010,196353492
193,28,2000,175873720
194,28,1990,150706446
195,28,1980,122288383
196,29,2022,31305
197,29,2020,30910
198,29,2015,29366
199,29,2010,27556
200,29,2000,20104
201,29,1990,15617
202,29,1980,11109
203,30,2022,449002
204,30,2020,441725
205,30,2015,421437
206,30,2010,396053
207,30,2000,333926
208,30,1990,261928
209,30,1980,187921
210,31,2022,6781953
211,31,2020,6979175
212,31,2015,7309253
213,31,2010,7592273
214,31,2000,8097691
215,31,1990,8767778
216,31,1980,8980606
217,32,2022,22673762
218,32,2020,21522626
219,32,2015,18718019
220,32,2010,16116845
221,32,2000,11882888
222,32,1990,9131361
223,32,1980,6932967
224,33,2022,12889576
225,33,2020,12220227
226,33,2015,10727148
227,33,2010,9126605
228,33,2000,6307659
229,33,1990,5483793
230,33,1980,4312834
231,34,2022,16767842
232,34,2020,16396860
233,34,2015,15417523
234,34,2010,14363532
235,34,2000,12118841
236,34,1990,8910808
237,34,1980,6198959
238,35,2022,27914536
239,35,2020,26491087
240,35,2015,23012646
241,35,2010,19878036
242,35,2000,15091594
243,35,1990,11430520
244,35,1980,8519891
245,36,2022,38454327
246,36,2020,37888705
247,36,2015,35732126
248,36,2010,33963412
249,36,2000,30683313
250,36,1990,27657204
251,36,1980,24511510
252,37,2022,593149
253,37,2020,582640
254,37,2015,552166
255,37,2010,521212
256,37,2000,458251
257,37,1990,364563
258,37,1980,317234
259,38,2022,68706
260,38,2020,67311
261,38,2015,60911
262,38,2010,54074
263,38,2000,39658
264,38,1990,26027
265,38,1980,17100
266,39,2022,5579144
267,39,2020,5343020
268,39,2015,4819333
269,39,2010,4660067
270,39,2000,3759170
271,39,1990,2809221
272,39,1980,2415276
273,40,2022,17723315
274,40,2020,16644701
275,40,2015,14140274
276,40,2010,11894727
277,40,2000,8259137
278,40,1990,5827069
279,40,1980,4408230
280,41,2022,19603733
281,41,2020,19300315
282,41,2015,17870124
283,41,2010,17004162
284,41,2000,15351799
285,41,1990,13342868
286,41,1980,11469828
287,42,2022,1425887337
288,42,2020,1424929781
289,42,2015,1393715448
290,42,2010,1348191368
291,42,2000,1264099069
292,42,1990,1153704252
293,42,1980,982372466
294,43,2022,51874024
295,43,2020,50930662
296,43,2015,47119728
297,43,2010,44816108
298,43,2000,39215135
299,43,1990,32601393
300,43,1980,26176195
301,44,2022,836774
302,44,2020,806166
303,44,2015,730216
304,44,2010,656024
305,44,2000,536758
306,44,1990,431119
307,44,1980,328328
308,45,2022,17011
309,45,2020,17029
310,45,2015,17695
311,45,2010,17212
312,45,2000,15897
313,45,1990,17123
314,45,1980,17651
315,46,2022,5180829
316,46,2020,5123105
317,46,2015,4895242
318,46,2010,4622252
319,46,2000,3979193
320,46,1990,3158253
321,46,1980,2414303
322,47,2022,4030358
323,47,2020,4096868
324,47,2015,4254815
325,47,2010,4368682
326,47,2000,4548434
327,47,1990,4873707
328,47,1980,4680144
329,48,2022,11212191
330,48,2020,11300698
331,48,2015,11339894
332,48,2010,11290417
333,48,2000,11105791
334,48,1990,10626680
335,48,1980,9809107
336,49,2022,191163
337,49,2020,189288
338,49,2015,169572
339,49,2010,159380
340,49,2000,141424
341,49,1990,155446
342,49,1980,156851
343,50,2022,1251488
344,50,2020,1237537
345,50,2015,1187280
346,50,2010,1129686
347,50,2000,948237
348,50,1990,788500
349,50,1980,679327
350,51,2022,10493986
351,51,2020,10530953
352,51,2015,10523798
353,51,2010,10464749
354,51,2000,10234710
355,51,1990,10301192
356,51,1980,10270060
357,52,2022,5882261
358,52,2020,5825641
359,52,2015,5677796
360,52,2010,5550849
361,52,2000,5340655
362,52,1990,5144623
363,52,1980,5125392
364,53,2022,1120849
365,53,2020,1090156
366,53,2015,1006259
367,53,2010,919199
368,53,2000,742033
369,53,1990,577173
370,53,1980,324121
371,54,2022,72737
372,54,2020,71995
373,54,2015,70007
374,54,2010,68755
375,54,2000,68346
376,54,1990,69481
377,54,1980,72978
378,55,2022,11228821
379,55,2020,10999664
380,55,2015,10405832
381,55,2010,9775755
382,55,2000,8540791
383,55,1990,7129004
384,55,1980,5755800
385,56,2022,99010212
386,56,2020,92853164
387,56,2015,78656904
388,56,2010,66391257
389,56,2000,48616317
390,56,1990,35987541
391,56,1980,26708686
392,57,2022,18001000
393,57,2020,17588595
394,57,2015,16195902
395,57,2010,14989585
396,57,2000,12626507
397,57,1990,10449837
398,57,1980,8135845
399,58,2022,110990103
400,58,2020,107465134
401,58,2015,97723799
402,58,2010,87252413
403,58,2000,71371371
404,58,1990,57214630
405,58,1980,43748556
406,59,2022,6336392
407,59,2020,6292731
408,59,2015,6231066
409,59,2010,6114034
410,59,2000,5958482
411,59,1990,5367179
412,59,1980,4508992
413,60,2022,1674908
414,60,2020,1596049
415,60,2015,1346973
416,60,2010,1094524
417,60,2000,684977
418,60,1990,465549
419,60,1980,282509
420,61,2022,3684032
421,61,2020,3555868
422,61,2015,3340006
423,61,2010,3147727
424,61,2000,2392880
425,61,1990,2149960
426,61,1980,1657982
427,62,2022,1326062
428,62,2020,1329444
429,62,2015,1314657
430,62,2010,1331535
431,62,2000,1396877
432,62,1990,1570674
433,62,1980,1476983
434,63,2022,1201670
435,63,2020,1180655
436,63,2015,1133936
437,63,2010,1099920
438,63,2000,1030496
439,63,1990,854011
440,63,1980,598564
441,64,2022,123379924
442,64,2020,117190911
443,64,2015,102471895
444,64,2010,89237791
445,64,2000,67031867
446,64,1990,47878073
447,64,1980,34945469
448,65,2022,3780
449,65,2020,3747
450,65,2015,3408
451,65,2010,3187
452,65,2000,3080
453,65,1990,2332
454,65,1980,2240
455,66,2022,53090
456,66,2020,52415
457,66,2015,48816
458,66,2010,48410
459,66,2000,45660
460,66,1990,47479
461,66,1980,43054
462,67,2022,929766
463,67,2020,920422
464,67,2015,917200
465,67,2010,905169
466,67,2000,832509
467,67,1990,780430
468,67,1980,644582
469,68,2022,5540745
470,68,2020,5529468
471,68,2015,5479461
472,68,2010,5363271
473,68,2000,5176209
474,68,1990,4986545
475,68,1980,4779418
476,69,2022,64626628
477,69,2020,64480053
478,69,2015,63809769
479,69,2010,62444567
480,69,2000,58665453
481,69,1990,56412897
482,69,1980,53713830
483,70,2022,304557
484,70,2020,290969
485,70,2015,257026
486,70,2010,228453
487,70,2000,164351
488,70,1990,113931
489,70,1980,66825
490,71,2022,306279
491,71,2020,301920
492,71,2015,291787
493,71,2010,283788
494,71,2000,250927
495,71,1990,211089
496,71,1980,163591
497,72,2022,2388992
498,72,2020,2292573
499,72,2015,2028517
500,72,2010,1711105
501,72,2000,1272935
502,72,1990,983028
503,72,1980,749078
504,73,2022,2705992
505,73,2020,2573995
506,73,2015,2253133
507,73,2010,1937275
508,73,2000,1437539
509,73,1990,1040616
510,73,1980,718586
511,74,2022,3744385
512,74,2020,3765912
513,74,2015,3771132
514,74,2010,3836831
515,74,2000,4265172
516,74,1990,5391636
517,74,1980,5145843
518,75,2022,83369843
519,75,2020,83328988
520,75,2015,82073226
521,75,2010,81325090
522,75,2000,81551677
523,75,1990,79370196
524,75,1980,77786703
525,76,2022,33475870
526,76,2020,32180401
527,76,2015,28870939
528,76,2010,25574719
529,76,2000,19665502
530,76,1990,15446982
531,76,1980,11865246
532,77,2022,32649
533,77,2020,32709
534,77,2015,32520
535,77,2010,31262
536,77,2000,27741
537,77,1990,27317
538,77,1980,28734
539,78,2022,10384971
540,78,2020,10512232
541,78,2015,10806641
542,78,2010,11033783
543,78,2000,11038109
544,78,1990,10302255
545,78,1980,9307148
546,79,2022,56466
547,79,2020,56026
548,79,2015,55895
549,79,2010,56351
550,79,2000,56184
551,79,1990,55599
552,79,1980,50106
553,80,2022,125438
554,80,2020,123663
555,80,2015,118980
556,80,2010,114039
557,80,2000,107432
558,80,1990,99047
559,80,1980,94838
560,81,2022,395752
561,81,2020,395642
562,81,2015,399089
563,81,2010,403072
564,81,2000,424067
565,81,1990,391951
566,81,1980,334234
567,82,2022,171774
568,82,2020,169231
569,82,2015,167978
570,82,2010,164905
571,82,2000,160188
572,82,1990,138263
573,82,1980,110286
574,83,2022,17843908
575,83,2020,17362718
576,83,2015,16001107
577,83,2010,14543121
578,83,2000,11735894
579,83,1990,9084780
580,83,1980,6987767
581,84,2022,63301
582,84,2020,62794
583,84,2015,61629
584,84,2010,60782
585,84,2000,59114
586,84,1990,57727
587,84,1980,52860
588,85,2022,13859341
589,85,2020,13205153
590,85,2015,11625998
591,85,2010,10270728
592,85,2000,8336967
593,85,1990,6354145
594,85,1980,4972609
595,86,2022,2105566
596,86,2020,2015828
597,86,2015,1788919
598,86,2010,1567220
599,86,2000,1230849
600,86,1990,973551
601,86,1980,831462
602,87,2022,808726
603,87,2020,797202
604,87,2015,755031
605,87,2010,747932
606,87,2000,759051
607,87,1990,747116
608,87,1980,778176
609,88,2022,11584996
610,88,2020,11306801
611,88,2015,10563757
612,88,2010,9842880
613,88,2000,8360225
614,88,1990,6925331
615,88,1980,5646676
616,89,2022,10432860
617,89,2020,10121763
618,89,2015,9294505
619,89,2010,8450933
620,89,2000,6656725
621,89,1990,5053234
622,89,1980,3777990
623,90,2022,7488865
624,90,2020,7500958
625,90,2015,7399838
626,90,2010,7132438
627,90,2000,6731195
628,90,1990,5838574
629,90,1980,4978544
630,91,2022,9967308
631,91,2020,9750573
632,91,2015,9844246
633,91,2010,9986825
634,91,2000,10202055
635,91,1990,10375989
636,91,1980,10698679
637,92,2022,372899
638,92,2020,366669
639,92,2015,331060
640,92,2010,318333
641,92,2000,281462
642,92,1990,255019
643,92,1980,228263
644,93,2022,1417173173
645,93,2020,1396387127
646,93,2015,1322866505
647,93,2010,1240613620
648,93,2000,1059633675
649,93,1990,870452165
650,93,1980,696828385
651,94,2022,275501339
652,94,2020,271857970
653,94,2015,259091970
654,94,2010,244016173
655,94,2000,214072421
656,94,1990,182159874
657,94,1980,148177096
658,95,2022,88550570
659,95,2020,87290193
660,95,2015,81790841
661,95,2010,75373855
662,95,2000,65544383
663,95,1990,55793629
664,95,1980,38520664
665,96,2022,44496122
666,96,2020,42556984
667,96,2015,37757813
668,96,2010,31264875
669,96,2000,24628858
670,96,1990,17658381
671,96,1980,13653369
672,97,2022,5023109
673,97,2020,4946119
674,97,2015,4665760
675,97,2010,4524585
676,97,2000,3768950
677,97,1990,3485374
678,97,1980,3391387
679,98,2022,84519
680,98,2020,84046
681,98,2015,83593
682,98,2010,83828
683,98,2000,75562
684,98,1990,68865
685,98,1980,64022
686,99,2022,9038309
687,99,2020,8757489
688,99,2015,8007778
689,99,2010,7328445
690,99,2000,6116958
691,99,1990,4803254
692,99,1980,3744608
693,100,2022,59037474
694,100,2020,59500579
695,100,2015,60232906
696,100,2010,59822450
697,100,2000,56966397
698,100,1990,56756561
699,100,1980,56329482
700,101,2022,28160542
701,101,2020,26811790
702,101,2015,23596741
703,101,2010,21120042
704,101,2000,16799670
705,101,1990,11910540
706,101,1980,8303809
707,102,2022,2827377
708,102,2020,2820436
709,102,2015,2794445
710,102,2010,2733896
711,102,2000,2612205
712,102,1990,2392030
713,102,1980,2135546
714,103,2022,123951692
715,103,2020,125244761
716,103,2015,127250933
717,103,2010,128105431
718,103,2000,126803861
719,103,1990,123686321
720,103,1980,117624196
721,104,2022,110778
722,104,2020,108319
723,104,2015,100561
724,104,2010,96151
725,104,2000,86192
726,104,1990,82874
727,104,1980,75124
728,105,2022,11285869
729,105,2020,10928721
730,105,2015,9494246
731,105,2010,6931258
732,105,2000,5056174
733,105,1990,3480587
734,105,1980,2216903
735,106,2022,19397998
736,106,2020,18979243
737,106,2015,17835909
738,106,2010,16627837
739,106,2000,15236253
740,106,1990,16866563
741,106,1980,14172710
742,107,2022,54027487
743,107,2020,51985780
744,107,2015,46851488
745,107,2010,41517895
746,107,2000,30851606
747,107,1990,23162269
748,107,1980,16187124
749,108,2022,131232
750,108,2020,126463
751,108,2015,116707
752,108,2010,107995
753,108,2000,88826
754,108,1990,75124
755,108,1980,60813
756,109,2022,4268873
757,109,2020,4360444
758,109,2015,3908743
759,109,2010,2943356
760,109,2000,1934901
761,109,1990,1674938
762,109,1980,1493870
763,110,2022,6630623
764,110,2020,6424874
765,110,2015,5914980
766,110,2010,5483774
767,110,2000,4935182
768,110,1990,4394734
769,110,1980,3691209
770,111,2022,7529475
771,111,2020,7319399
772,111,2015,6787419
773,111,2010,6323418
774,111,2000,5430853
775,111,1990,4314443
776,111,1980,3297519
777,112,2022,1850651
778,112,2020,1897052
779,112,2015,1991955
780,112,2010,2101530
781,112,2000,2392530
782,112,1990,2689391
783,112,1980,2572037
784,113,2022,5489739
785,113,2020,5662923
786,113,2015,6398940
787,113,2010,4995800
788,113,2000,4320642
789,113,1990,3593700
790,113,1980,2963702
791,114,2022,2305825
792,114,2020,2254100
793,114,2015,2118521
794,114,2010,2022747
795,114,2000,1998630
796,114,1990,1798997
797,114,1980,1407672
798,115,2022,5302681
799,115,2020,5087584
800,115,2015,4612329
801,115,2010,4019956
802,115,2000,2895224
803,115,1990,2209731
804,115,1980,1932169
805,116,2022,6812341
806,116,2020,6653942
807,116,2015,6192235
808,116,2010,6491988
809,116,2000,5154790
810,116,1990,4236983
811,116,1980,2962720
812,117,2022,39327
813,117,2020,38756
814,117,2015,37355
815,117,2010,35926
816,117,2000,33026
817,117,1990,28765
818,117,1980,25003
819,118,2022,2750055
820,118,2020,2820267
821,118,2015,2963765
822,118,2010,3139019
823,118,2000,3599637
824,118,1990,3785847
825,118,1980,3521206
826,119,2022,647599
827,119,2020,630399
828,119,2015,569408
829,119,2010,507070
830,119,2000,435628
831,119,1990,381267
832,119,1980,363741
833,120,2022,695168
834,120,2020,676283
835,120,2015,615239
836,120,2010,557297
837,120,2000,431896
838,120,1990,350227
839,120,1980,245332
840,121,2022,29611714
841,121,2020,28225177
842,121,2015,24850912
843,121,2010,21731053
844,121,2000,16216431
845,121,1990,11882762
846,121,1980,8948162
847,122,2022,20405317
848,122,2020,19377061
849,122,2015,16938942
850,122,2010,14718422
851,122,2000,11229387
852,122,1990,9539665
853,122,1980,6267369
854,123,2022,33938221
855,123,2020,33199993
856,123,2015,31068833
857,123,2010,28717731
858,123,2000,22945150
859,123,1990,17517054
860,123,1980,13215707
861,124,2022,523787
862,124,2020,514438
863,124,2015,435582
864,124,2010,361575
865,124,2000,282507
866,124,1990,224957
867,124,1980,164887
868,125,2022,22593590
869,125,2020,21224040
870,125,2015,18112907
871,125,2010,15529181
872,125,2000,11239101
873,125,1990,8945026
874,125,1980,7372581
875,126,2022,533286
876,126,2020,515357
877,126,2015,456579
878,126,2010,418755
879,126,2000,399212
880,126,1990,365392
881,126,1980,333587
882,127,2022,41569
883,127,2020,43413
884,127,2015,49410
885,127,2010,53416
886,127,2000,54224
887,127,1990,46047
888,127,1980,31988
889,128,2022,367507
890,128,2020,370391
891,128,2015,383515
892,128,2010,392181
893,128,2000,432543
894,128,1990,374271
895,128,1980,333786
896,129,2022,4736139
897,129,2020,4498604
898,129,2015,3946220
899,129,2010,3419461
900,129,2000,2695003
901,129,1990,2006027
902,129,1980,1506694
903,130,2022,1299469
904,130,2020,1297828
905,130,2015,1293153
906,130,2010,1283330
907,130,2000,1215930
908,130,1990,1090290
909,130,1980,954865
910,131,2022,326101
911,131,2020,305587
912,131,2015,249545
913,131,2010,211786
914,131,2000,159215
915,131,1990,92659
916,131,1980,52233
917,132,2022,127504125
918,132,2020,125998302
919,132,2015,120149897
920,132,2010,112532401
921,132,2000,97873442
922,132,1990,81720428
923,132,1980,67705186
924,133,2022,114164
925,133,2020,112106
926,133,2015,109462
927,133,2010,107588
928,133,2000,111709
929,133,1990,98603
930,133,1980,76299
931,134,2022,3272996
932,134,2020,3084847
933,134,2015,3277388
934,134,2010,3678186
935,134,2000,4251573
936,134,1990,4480199
937,134,1980,4103240
938,135,2022,36469
939,135,2020,36922
940,135,2015,36760
941,135,2010,33178
942,135,2000,32465
943,135,1990,30329
944,135,1980,27076
945,136,2022,3398366
946,136,2020,3294335
947,136,2015,2964749
948,136,2010,2702520
949,136,2000,2450979
950,136,1990,2161433
951,136,1980,1697780
952,137,2022,627082
953,137,2020,629048
954,137,2015,633966
955,137,2010,631044
956,137,2000,633324
957,137,1990,621442
958,137,1980,589324
959,138,2022,4390
960,138,2020,4500
961,138,2015,5059
962,138,2010,4938
963,138,2000,5138
964,138,1990,10805
965,138,1980,11452
966,139,2022,37457971
967,139,2020,36688772
968,139,2015,34680458
969,139,2010,32464865
970,139,2000,28554415
971,139,1990,24570814
972,139,1980,19678444
973,140,2022,32969517
974,140,2020,31178239
975,140,2015,26843246
976,140,2010,23073723
977,140,2000,17768505
978,140,1990,13303459
979,140,1980,11413587
980,141,2022,54179306
981,141,2020,53423198
982,141,2015,51483949
983,141,2010,49390988
984,141,2000,45538332
985,141,1990,40099553
986,141,1980,33465781
987,142,2022,2567012
988,142,2020,2489098
989,142,2015,2282704
990,142,2010,2099271
991,142,2000,1819141
992,142,1990,1369011
993,142,1980,975994
994,143,2022,12668
995,143,2020,12315
996,143,2015,11185
997,143,2010,10241
998,143,2000,10377
999,143,1990,9598
1000,143,1980,7635
1001,144,2022,30547580
1002,144,2020,29348627
1003,144,2015,27610325
1004,144,2010,27161567
1005,144,2000,24559500
1006,144,1990,19616530
1007,144,1980,15600442
1008,145,2022,17564014
1009,145,2020,17434557
1010,145,2015,17041107
1011,145,2010,16617116
1012,145,2000,15899135
1013,145,1990,14944548
1014,145,1980,14130387
1015,146,2022,289950
1016,146,2020,286403
1017,146,2015,283032
1018,146,2010,261426
1019,146,2000,221537
1020,146,1990,177264
1021,146,1980,148599
1022,147,2022,5185288
1023,147,2020,5061133
1024,147,2015,4590590
1025,147,2010,4346338
1026,147,2000,3855266
1027,147,1990,3397389
1028,147,1980,3147168
1029,148,2022,6948392
1030,148,2020,6755895
1031,148,2015,6298598
1032,148,2010,5855734
1033,148,2000,5123222
1034,148,1990,4227820
1035,148,1980,3303309
1036,149,2022,26207977
1037,149,2020,24333639
1038,149,2015,20128124
1039,149,2010,16647543
1040,149,2000,11622665
1041,149,1990,8370647
1042,149,1980,6173177
1043,150,2022,218541212
1044,150,2020,208327405
1045,150,2015,183995785
1046,150,2010,160952853
1047,150,2000,122851984
1048,150,1990,95214257
1049,150,1980,72951439
1050,151,2022,1934
1051,151,2020,1942
1052,151,2015,1847
1053,151,2010,1812
1054,151,2000,2074
1055,151,1990,2533
1056,151,1980,3637
1057,152,2022,26069416
1058,152,2020,25867467
1059,152,2015,25258015
1060,152,2010,24686435
1061,152,2000,23367059
1062,152,1990,20799523
1063,152,1980,17973650
1064,153,2022,2093599
1065,153,2020,2111072
1066,153,2015,2107962
1067,153,2010,2093828
1068,153,2000,2037936
1069,153,1990,2044174
1070,153,1980,1907023
1071,154,2022,49551
1072,154,2020,49587
1073,154,2015,51514
1074,154,2010,54087
1075,154,2000,80338
1076,154,1990,48002
1077,154,1980,17613
1078,155,2022,5434319
1079,155,2020,5379839
1080,155,2015,5190356
1081,155,2010,4889741
1082,155,2000,4491202
1083,155,1990,4241636
1084,155,1980,4085776
1085,156,2022,4576298
1086,156,2020,4543399
1087,156,2015,4191776
1088,156,2010,2881914
1089,156,2000,2344253
1090,156,1990,1804524
1091,156,1980,1017462
1092,157,2022,235824862
1093,157,2020,227196741
1094,157,2015,210969298
1095,157,2010,194454498
1096,157,2000,154369924
1097,157,1990,115414069
1098,157,1980,80624057
1099,158,2022,18055
1100,158,2020,17972
1101,158,2015,17794
1102,158,2010,18540
1103,158,2000,19726
1104,158,1990,15293
1105,158,1980,12252
1106,159,2022,5250072
1107,159,2020,5019401
1108,159,2015,4484614
1109,159,2010,3992278
1110,159,2000,3139954
1111,159,1990,2124609
1112,159,1980,1453620
1113,160,2022,4408581
1114,160,2020,4294396
1115,160,2015,3957099
1116,160,2010,3623617
1117,160,2000,3001731
1118,160,1990,2449968
1119,160,1980,1956987
1120,161,2022,10142619
1121,161,2020,9749640
1122,161,2015,8682174
1123,161,2010,7583269
1124,161,2000,5508297
1125,161,1990,3864972
1126,161,1980,3104788
1127,162,2022,6780744
1128,162,2020,6618695
1129,162,2015,6177950
1130,162,2010,5768613
1131,162,2000,5123819
1132,162,1990,4059195
1133,162,1980,3078912
1134,163,2022,34049588
1135,163,2020,33304756
1136,163,2015,30711863
1137,163,2010,29229572
1138,163,2000,26654439
1139,163,1990,22109099
1140,163,1980,17492406
1141,164,2022,115559009
1142,164,2020,112190977
1143,164,2015,103031365
1144,164,2010,94636700
1145,164,2000,77958223
1146,164,1990,61558898
1147,164,1980,48419546
1148,165,2022,39857145
1149,165,2020,38428366
1150,165,2015,38553146
1151,165,2010,38597353
1152,165,2000,38504431
1153,165,1990,38064255
1154,165,1980,35521429
1155,166,2022,10270865
1156,166,2020,10298192
1157,166,2015,10365435
1158,166,2010,10588401
1159,166,2000,10300626
1160,166,1990,10007346
1161,166,1980,9785252
1162,167,2022,3252407
1163,167,2020,3271564
1164,167,2015,3497335
1165,167,2010,3717922
1166,167,2000,3827108
1167,167,1990,3543776
1168,167,1980,3214568
1169,168,2022,2695122
1170,168,2020,2760385
1171,168,2015,2414573
1172,168,2010,1713504
1173,168,2000,645937
1174,168,1990,441675
1175,168,1980,277450
1176,169,2022,5970424
1177,169,2020,5702174
1178,169,2015,5064386
1179,169,2010,4437884
1180,169,2000,3134030
1181,169,1990,2385435
1182,169,1980,1829256
1183,170,2022,974052
1184,170,2020,957822
1185,170,2015,922495
1186,170,2010,890130
1187,170,2000,785424
1188,170,1990,658992
1189,170,1980,551674
1190,171,2022,19659267
1191,171,2020,19442038
1192,171,2015,19906079
1193,171,2010,20335211
1194,171,2000,21919876
1195,171,1990,22836234
1196,171,1980,22125224
1197,172,2022,144713314
1198,172,2020,145617329
1199,172,2015,144668389
1200,172,2010,143242599
1201,172,2000,146844839
1202,172,1990,148005704
1203,172,1980,138257420
1204,173,2022,13776698
1205,173,2020,13146362
1206,173,2015,11642959
1207,173,2010,10309031
1208,173,2000,8109989
1209,173,1990,7319962
1210,173,1980,5247532
1211,174,2022,10967
1212,174,2020,10681
1213,174,2015,9643
1214,174,2010,8988
1215,174,2000,7082
1216,174,1990,5168
1217,174,1980,2983
1218,175,2022,47657
1219,175,2020,47642
1220,175,2015,47790
1221,175,2010,47403
1222,175,2000,45461
1223,175,1990,40636
1224,175,1980,43097
1225,176,2022,179857
1226,176,2020,179237
1227,176,2015,175623
1228,176,2010,170935
1229,176,2000,159500
1230,176,1990,142301
1231,176,1980,121633
1232,177,2022,31791
1233,177,2020,32552
1234,177,2015,35020
1235,177,2010,36458
1236,177,2000,29610
1237,177,1990,28127
1238,177,1980,7776
1239,178,2022,5862
1240,178,2020,5906
1241,178,2015,5978
1242,178,2010,6052
1243,178,2000,6274
1244,178,1990,6324
1245,178,1980,6106
1246,179,2022,103948
1247,179,2020,104632
1248,179,2015,106482
1249,179,2010,109308
1250,179,2000,113813
1251,179,1990,112487
1252,179,1980,107480
1253,180,2022,222382
1254,180,2020,214929
1255,180,2015,203571
1256,180,2010,194672
1257,180,2000,184008
1258,180,1990,168186
1259,180,1980,164905
1260,181,2022,33660
1261,181,2020,34007
1262,181,2015,33570
1263,181,2010,31608
1264,181,2000,26823
1265,181,1990,23132
1266,181,1980,21346
1267,182,2022,227380
1268,182,2020,218641
1269,182,2015,201124
1270,182,2010,182138
1271,182,2000,143714
1272,182,1990,120343
1273,182,1980,97210
1274,183,2022,36408820
1275,183,2020,35997107
1276,183,2015,32749848
1277,183,2010,29411929
1278,183,2000,21547390
1279,183,1990,16004763
1280,183,1980,10171710
1281,184,2022,17316449
1282,184,2020,16436119
1283,184,2015,14356181
1284,184,2010,12530121
1285,184,2000,9704287
1286,184,1990,7536001
1287,184,1980,5703869
1288,185,2022,7221365
1289,185,2020,7358005
1290,185,2015,7519496
1291,185,2010,7653748
1292,185,2000,7935022
1293,185,1990,7987529
1294,185,1980,7777010
1295,186,2022,107118
1296,186,2020,105530
1297,186,2015,99240
1298,186,2010,92409
1299,186,2000,80060
1300,186,1990,71057
1301,186,1980,65290
1302,187,2022,8605718
1303,187,2020,8233969
1304,187,2015,7314773
1305,187,2010,6436698
1306,187,2000,4584067
1307,187,1990,4325388
1308,187,1980,3367477
1309,188,2022,5975689
1310,188,2020,5909869
1311,188,2015,5650018
1312,188,2010,5163590
1313,188,2000,4053602
1314,188,1990,3022209
1315,188,1980,2400729
1316,189,2022,44175
1317,189,2020,43621
1318,189,2015,40205
1319,189,2010,33034
1320,189,2000,30489
1321,189,1990,27845
1322,189,1980,12243
1323,190,2022,5643453
1324,190,2020,5456681
1325,190,2015,5424444
1326,190,2010,5396424
1327,190,2000,5376690
1328,190,1990,5261305
1329,190,1980,4973883
1330,191,2022,2119844
1331,191,2020,2117641
1332,191,2015,2080862
1333,191,2010,2057286
1334,191,2000,1984339
1335,191,1990,1986024
1336,191,1980,1901570
1337,192,2022,724273
1338,192,2020,691191
1339,192,2015,612660
1340,192,2010,540394
1341,192,2000,429978
1342,192,1990,324171
1343,192,1980,233668
1344,193,2022,17597511
1345,193,2020,16537016
1346,193,2015,13763906
1347,193,2010,12026649
1348,193,2000,8721465
1349,193,1990,6999096
1350,193,1980,5892224
1351,194,2022,59893885
1352,194,2020,58801927
1353,194,2015,55876504
1354,194,2010,51784921
1355,194,2000,46813266
1356,194,1990,39877570
1357,194,1980,29463549
1358,195,2022,51815810
1359,195,2020,51844690
1360,195,2015,50994401
1361,195,2010,48813042
1362,195,2000,46788591
1363,195,1990,44120039
1364,195,1980,38170501
1365,196,2022,10913164
1366,196,2020,10606227
1367,196,2015,11194299
1368,196,2010,9714419
1369,196,2000,6114440
1370,196,1990,4750817
1371,196,1980,4192011
1372,197,2022,47558630
1373,197,2020,47363807
1374,197,2015,46431342
1375,197,2010,46572772
1376,197,2000,40741651
1377,197,1990,38889889
1378,197,1980,37491666
1379,198,2022,21832143
1380,198,2020,21715079
1381,198,2015,21336697
1382,198,2010,20668557
1383,198,2000,18776371
1384,198,1990,17204094
1385,198,1980,14943645
1386,199,2022,46874204
1387,199,2020,44440486
1388,199,2015,38171178
1389,199,2010,33739933
1390,199,2000,26298773
1391,199,1990,21090886
1392,199,1980,16673586
1393,200,2022,618040
1394,200,2020,607065
1395,200,2015,575475
1396,200,2010,546080
1397,200,2000,478998
1398,200,1990,412756
1399,200,1980,375112
1400,201,2022,10549347
1401,201,2020,10368969
1402,201,2015,9849349
1403,201,2010,9381729
1404,201,2000,8871043
1405,201,1990,8548406
1406,201,1980,8311763
1407,202,2022,8740472
1408,202,2020,8638613
1409,202,2015,8281732
1410,202,2010,7822435
1411,202,2000,7182059
1412,202,1990,6711693
1413,202,1980,6319113
1414,203,2022,22125249
1415,203,2020,20772595
1416,203,2015,19205178
1417,203,2010,22337563
1418,203,2000,16307654
1419,203,1990,12408996
1420,203,1980,8898954
1421,204,2022,23893394
1422,204,2020,23821464
1423,204,2015,23512136
1424,204,2010,23083083
1425,204,2000,22194731
1426,204,1990,20586174
1427,204,1980,18100281
1428,205,2022,9952787
1429,205,2020,9543207
1430,205,2015,8524063
1431,205,2010,7621779
1432,205,2000,6272998
1433,205,1990,5417860
1434,205,1980,4045965
1435,206,2022,65497748
1436,206,2020,61704518
1437,206,2015,52542823
1438,206,2010,45110527
1439,206,2000,34463704
1440,206,1990,26206012
1441,206,1980,19297659
1442,207,2022,71697030
1443,207,2020,71475664
1444,207,2015,70294397
1445,207,2010,68270489
1446,207,2000,63066603
1447,207,1990,55228410
1448,207,1980,45737753
1449,208,2022,1341296
1450,208,2020,1299995
1451,208,2015,1205813
1452,208,2010,1088486
1453,208,2000,878360
1454,208,1990,758106
1455,208,1980,642224
1456,209,2022,8848699
1457,209,2020,8442580
1458,209,2015,7473229
1459,209,2010,6571855
1460,209,2000,5008035
1461,209,1990,3875947
1462,209,1980,2838110
1463,210,2022,1871
1464,210,2020,1827
1465,210,2015,1454
1466,210,2010,1367
1467,210,2000,1666
1468,210,1990,1669
1469,210,1980,1647
1470,211,2022,106858
1471,211,2020,105254
1472,211,2015,106122
1473,211,2010,107383
1474,211,2000,102603
1475,211,1990,98727
1476,211,1980,96708
1477,212,2022,1531044
1478,212,2020,1518147
1479,212,2015,1460177
1480,212,2010,1410296
1481,212,2000,1332203
1482,212,1990,1266518
1483,212,1980,1127852
1484,213,2022,12356117
1485,213,2020,12161723
1486,213,2015,11557779
1487,213,2010,10895063
1488,213,2000,9893316
1489,213,1990,8440023
1490,213,1980,6578156
1491,214,2022,85341241
1492,214,2020,84135428
1493,214,2015,79646178
1494,214,2010,73195345
1495,214,2000,64113547
1496,214,1990,54324142
1497,214,1980,44089069
1498,215,2022,6430770
1499,215,2020,6250438
1500,215,2015,5766431
1501,215,2010,5267970
1502,215,2000,4569132
1503,215,1990,3720278
1504,215,1980,2862903
1505,216,2022,45703
1506,216,2020,44276
1507,216,2015,36538
1508,216,2010,29726
1509,216,2000,18744
1510,216,1990,11709
1511,216,1980,7598
1512,217,2022,11312
1513,217,2020,11069
1514,217,2015,10877
1515,217,2010,10550
1516,217,2000,9638
1517,217,1990,9182
1518,217,1980,7731
1519,218,2022,47249585
1520,218,2020,44404611
1521,218,2015,37477356
1522,218,2010,32341728
1523,218,2000,24020697
1524,218,1990,17586630
1525,218,1980,13284026
1526,219,2022,39701739
1527,219,2020,43909666
1528,219,2015,44982564
1529,219,2010,45683020
1530,219,2000,48879755
1531,219,1990,51589817
1532,219,1980,49973920
1533,220,2022,9441129
1534,220,2020,9287289
1535,220,2015,8916899
1536,220,2010,8481771
1537,220,2000,3275333
1538,220,1990,1900151
1539,220,1980,1014048
1540,221,2022,67508936
1541,221,2020,67059474
1542,221,2015,65224364
1543,221,2010,62760039
1544,221,2000,58850043
1545,221,1990,57210442
1546,221,1980,56326328
1547,222,2022,338289857
1548,222,2020,335942003
1549,222,2015,324607776
1550,222,2010,311182845
1551,222,2000,282398554
1552,222,1990,248083732
1553,222,1980,223140018
1554,223,2022,99465
1555,223,2020,100442
1556,223,2015,102803
1557,223,2010,106142
1558,223,2000,108185
1559,223,1990,100685
1560,223,1980,96640
1561,224,2022,3422794
1562,224,2020,3429086
1563,224,2015,3402818
1564,224,2010,3352651
1565,224,2000,3292224
1566,224,1990,3117012
1567,224,1980,2953750
1568,225,2022,34627652
1569,225,2020,33526656
1570,225,2015,30949417
1571,225,2010,28614227
1572,225,2000,24925554
1573,225,1990,20579100
1574,225,1980,15947129
1575,226,2022,326740
1576,226,2020,311685
1577,226,2015,276438
1578,226,2010,245453
1579,226,2000,192074
1580,226,1990,150882
1581,226,1980,118156
1582,227,2022,510
1583,227,2020,520
1584,227,2015,564
1585,227,2010,596
1586,227,2000,651
1587,227,1990,700
1588,227,1980,733
1589,228,2022,28301696
1590,228,2020,28490453
1591,228,2015,30529716
1592,228,2010,28715022
1593,228,2000,24427729
1594,228,1990,19750579
1595,228,1980,15210443
1596,229,2022,98186856
1597,229,2020,96648685
1598,229,2015,92191398
1599,229,2010,87411012
1600,229,2000,79001142
1601,229,1990,66912613
1602,229,1980,52968270
1603,230,2022,11572
1604,230,2020,11655
1605,230,2015,12182
1606,230,2010,13142
1607,230,2000,14723
1608,230,1990,13454
1609,230,1980,11315
1610,231,2022,575986
1611,231,2020,556048
1612,231,2015,491824
1613,231,2010,413296
1614,231,2000,270375
1615,231,1990,178529
1616,231,1980,116775
1617,232,2022,33696614
1618,232,2020,32284046
1619,232,2015,28516545
1620,232,2010,24743946
1621,232,2000,18628700
1622,232,1990,13375121
1623,232,1980,9204938
1624,233,2022,20017675
1625,233,2020,18927715
1626,233,2015,16248230
1627,233,2010,13792086
1628,233,2000,9891136
1629,233,1990,7686401
1630,233,1980,5720438
1631,234,2022,16320537
1632,234,2020,15669666
1633,234,2015,14154937
1634,234,2010,12839771
1635,234,2000,11834676
1636,234,1990,10113893
1637,234,1980,7049926
